Attendance,Study_Hours,Previous_Marks,Assignment_Marks,Internal_Marks,Final_Marks
88,14,59,61,64,85
78,10,60,69,64,77
64,14,79,43,60,74
92,2,97,52,68,73
57,12,70,98,52,86
70,6,85,62,76,82
88,11,75,47,56,79
68,1,50,57,52,53
72,3,91,51,84,67
60,5,54,94,40,70
60,4,58,70,84,67
73,3,46,53,68,67
85,10,90,73,40,81
89,13,67,57,56,81
73,5,90,95,96,86
52,11,82,73,60,80
71,8,97,50,60,77
51,11,44,80,88,65
73,4,44,51,56,61
93,1,69,88,100,81
79,11,93,54,48,79
87,7,71,96,96,93
51,8,47,70,56,66
70,3,49,88,84,66
82,6,77,97,68,83
61,2,86,68,92,72
71,7,71,65,44,66
93,8,87,57,100,87
74,6,67,71,60,60
98,6,56,61,72,78
76,5,70,77,68,65
91,8,47,56,92,81
77,1,79,62,80,67
65,10,64,63,68,72
64,4,48,89,68,61
96,4,41,47,96,64
100,3,54,80,88,82
93,3,89,45,64,62
52,4,42,44,68,56
86,11,88,83,88,95
100,1,75,96,60,73
56,14,43,68,44,63
70,11,53,67,44,79
58,13,80,50,68,72
88,11,80,96,80,88
67,2,64,40,40,59
53,9,97,82,60,82
74,10,94,58,88,81
63,2,89,48,100,69
99,5,49,66,60,65
58,9,60,73,100,79
75,9,75,83,80,88
51,8,51,43,52,59
69,1,66,75,84,67
77,1,79,57,80,76
96,9,41,54,88,74
56,13,93,90,96,85
93,11,52,52,80,80
57,8,92,58,100,88
96,10,71,88,88,86
84,9,70,45,76,74
63,7,55,87,48,70
66,3,71,95,88,73
85,3,71,51,80,64
99,2,99,90,48,90
89,5,73,76,96,92
53,12,50,56,96,70
51,12,49,97,100,72
55,3,54,62,88,50
91,14,56,65,88,88
53,6,79,68,40,71
78,2,57,72,48,65
67,12,94,99,52,91
75,3,48,66,80,59
93,5,64,64,80,69
83,12,79,95,56,95
59,11,98,94,48,91
85,11,53,49,60,65
63,1,99,86,80,83
80,13,97,62,92,97
97,1,64,60,96,78
64,10,89,60,84,74
57,9,61,82,100,68
63,7,91,52,56,71
72,1,69,76,48,66
89,12,59,72,60,91
70,14,60,63,60,82
65,8,83,83,96,81
94,3,71,50,92,68
67,8,90,56,68,83
96,5,85,43,44,69
73,1,88,86,40,79
75,7,95,64,100,82
74,5,60,69,52,74
94,6,74,48,100,82
90,6,97,60,64,82
78,8,71,59,96,75
64,9,69,58,100,73
94,2,94,58,80,81
50,9,78,51,76,70
74,12,88,76,48,83
56,11,51,81,48,68
58,10,80,56,100,77
73,9,86,76,56,71
50,13,57,93,56,78
93,10,60,87,88,82
57,10,52,78,76,65
73,7,60,67,48,60
60,1,47,80,72,47
100,7,85,74,52,79
66,10,79,86,88,80
57,5,85,87,88,86
84,6,46,57,96,66
84,10,62,53,48,75
82,7,83,74,80,84
54,14,71,83,44,80
91,5,50,80,76,73
88,7,61,99,88,77
90,9,61,46,80,83
77,3,82,80,72,84
56,8,64,52,52,55
58,2,61,57,100,54
57,11,67,76,48,72
61,7,68,52,64,61
83,13,52,75,68,84
82,2,57,70,80,63
97,14,41,41,92,90
72,4,68,55,44,69
73,7,60,48,64,67
86,3,54,48,84,69
84,2,91,77,56,82
93,11,66,50,96,80
89,10,89,93,80,90
71,7,70,95,56,77
76,1,54,61,48,61
84,14,90,72,56,93
50,8,62,75,84,61
84,3,63,84,44,65
86,12,83,62,52,85
96,12,52,84,60,84
63,13,61,84,40,87
52,2,82,73,76,58
50,3,76,48,52,59
54,5,100,63,60,79
75,11,72,47,72,88
63,8,95,46,92,75
88,10,42,75,80,79
76,7,93,57,100,85
58,7,58,42,80,62
64,12,62,67,88,77
64,7,68,45,44,65
75,8,69,83,80,67
91,1,78,83,64,78
62,4,83,60,60,68
100,13,86,67,44,91
81,6,64,79,68,85
88,9,76,93,64,84
98,13,86,93,80,99
81,2,47,40,56,64
53,1,81,75,84,60
79,13,97,60,56,87
86,10,55,99,64,82
72,12,47,82,72,81
88,14,40,74,80,83
94,2,83,52,96,69
64,7,44,96,72,66
92,3,42,88,72,66
78,10,40,93,60,74
85,2,43,93,76,69
62,14,79,49,60,81
81,11,74,92,48,77
56,7,71,83,40,74
100,13,81,86,100,100
71,13,73,92,64,94
77,2,82,49,52,67
51,3,64,85,40,65
91,11,49,52,96,80
94,7,60,76,68,85
55,14,85,77,84,89
77,4,78,63,60,70
77,13,66,41,60,87
93,14,66,61,44,89
93,1,41,56,96,65
69,13,80,75,40,76
79,14,87,53,88,83
60,5,52,49,92,61
77,12,48,74,92,80
74,9,91,64,44,77
88,8,75,42,52,75
82,12,61,86,44,90
50,9,81,77,100,81
76,10,65,56,40,66
62,14,97,51,64,84
90,9,93,93,80,90
52,7,51,91,80,65
88,4,56,63,96,69
55,5,53,68,84,59
57,1,53,82,68,51
76,14,96,64,60,90
58,1,73,75,52,58
86,3,92,97,92,71
82,13,96,99,60,100
100,14,59,65,48,91
91,8,50,77,84,76
93,14,55,40,68,80
73,2,90,59,76,65
64,4,70,94,92,82
81,2,94,67,88,87
81,14,45,55,88,79
73,5,95,86,44,84
90,9,58,56,56,75
98,1,76,79,40,66
98,5,97,67,60,83
61,14,43,97,44,76
88,9,86,51,52,78
51,1,100,66,60,64
52,9,43,93,76,67
98,8,59,92,80,85
86,4,49,81,68,69
98,12,63,98,84,88
66,11,93,86,68,84
98,10,74,69,80,81
51,5,65,80,60,69
51,13,76,73,52,66
77,5,77,76,68,81
72,11,60,45,88,80
86,12,93,46,68,86
81,6,79,71,76,65
82,7,78,71,92,80
50,8,60,92,40,67
68,14,49,64,100,73
51,8,77,72,52,67
93,11,85,94,52,100
75,14,43,97,64,85
81,13,99,46,100,88
55,2,96,91,92,67
81,9,84,96,92,89
53,7,59,51,80,61
60,4,56,55,64,60
66,4,94,55,100,72
87,11,46,82,88,84
73,8,43,92,80,82
54,4,68,75,96,71
83,13,53,52,68,77
55,6,42,46,100,56
71,5,63,75,80,68
60,3,76,86,56,74
97,13,55,90,64,86
65,14,97,48,68,86
82,10,94,71,100,92
58,11,91,50,96,78
55,2,43,47,72,42
65,9,95,72,48,82
78,10,63,62,48,74
52,9,73,64,52,71
69,1,69,95,56,64
85,10,57,47,76,80
68,3,58,84,40,58
75,8,70,61,96,85
52,6,99,98,96,74
68,5,99,43,64,74
69,5,58,79,72,70
81,6,88,42,68,70
56,7,85,68,96,78
90,1,58,80,96,77
82,9,61,68,56,64
89,3,63,73,92,76
88,4,84,73,92,68
67,10,51,67,52,64
89,1,69,52,84,75
50,13,97,54,64,77
60,11,77,99,56,77
77,10,92,62,64,83
74,3,70,83,84,83
99,2,75,65,40,63
72,2,58,43,40,49
80,14,87,65,100,100
79,1,84,79,76,83
91,8,75,48,92,80
84,3,69,94,88,71
56,3,94,44,48,73
65,6,88,95,92,91
75,13,94,71,80,95
97,8,72,59,44,74
98,13,57,89,44,87
51,9,91,50,64,71
50,9,88,54,84,75
97,4,98,71,76,93
61,14,67,67,44,81
54,5,98,61,80,67
86,2,86,80,52,82
81,11,50,56,44,72
58,9,96,98,60,88
90,8,99,65,68,95
84,3,93,83,76,76
68,11,84,46,100,81
97,12,72,81,52,87
65,13,56,96,96,76
52,9,45,65,56,62
69,3,43,64,52,68
73,9,59,49,48,58
82,2,87,98,56,78
73,12,86,84,92,94
60,10,66,58,72,72
98,9,54,50,68,75
57,8,45,52,68,53
85,9,86,92,68,91
87,5,53,47,84,63
89,11,99,79,68,84
69,11,50,43,64,73
84,2,78,86,68,80
97,8,48,70,80,77
74,12,65,67,92,83
84,6,55,50,100,76
74,8,44,82,68,71
78,11,96,40,88,90
67,5,91,88,92,80
95,10,100,86,68,100
67,2,49,91,84,66
51,6,89,77,76,74
84,5,42,63,64,57
65,12,52,93,84,81
90,13,82,99,40,90
85,12,88,96,52,91
82,5,69,86,88,74
53,13,93,70,88,80
82,1,84,80,100,87
63,2,45,85,52,64
70,8,56,89,56,82
97,13,98,65,76,92
69,14,84,88,60,90
57,13,90,89,52,80
56,3,92,44,96,63
52,10,58,59,44,59
66,3,81,91,100,82
82,8,74,80,60,78
97,8,85,50,96,91
61,2,65,95,68,69
100,8,90,93,96,100
71,11,44,72,68,64
71,13,68,89,64,91
95,13,76,77,60,97
79,1,59,66,44,55
87,6,88,73,96,90
87,8,60,54,64,74
94,3,49,71,80,68
100,8,44,100,84,79
57,12,75,97,92,82
76,1,45,60,100,70
76,11,65,85,92,85
83,11,43,44,56,72
70,9,78,45,100,72
79,13,78,77,60,84
82,11,89,61,76,93
77,13,74,57,68,76
96,9,40,53,100,72
82,5,63,49,92,70
54,10,96,85,68,84
97,4,75,52,48,71
68,11,45,70,84,74
53,6,80,69,100,76
84,12,93,42,84,91
98,7,85,69,92,83
66,5,99,45,64,70
93,11,83,68,40,92
77,13,99,47,40,90
79,10,96,83,64,83
78,9,70,84,96,86
95,3,59,82,96,66
55,7,63,83,76,70
84,10,64,72,72,90
90,10,75,56,64,77
86,11,60,87,76,81
73,5,69,50,56,69
78,14,63,52,68,72
98,7,83,89,44,83
95,2,81,50,72,75
80,4,69,70,60,67
84,2,61,67,88,67
82,14,67,83,72,93
70,13,46,45,100,75
81,13,74,80,44,87
72,12,94,55,48,81
82,7,67,43,84,74
52,2,53,74,68,55
67,13,95,99,40,94
74,14,49,87,96,82
91,11,55,95,76,85
80,1,55,98,96,66
52,9,93,65,96,79
89,1,70,96,96,73
95,8,81,51,64,75
73,2,64,50,64,61
99,12,52,76,88,88
81,8,45,64,40,70
96,13,83,57,100,92
71,3,48,58,72,61
72,6,84,62,68,77
51,3,75,94,52,68
76,14,95,77,76,91
91,7,82,93,80,89
51,10,59,57,56,66
75,9,57,65,44,70
66,2,97,45,88,59
89,12,82,43,100,88
82,12,96,83,72,100
58,14,60,90,96,82
92,5,43,68,84,66
97,13,89,98,84,100
88,6,72,100,60,84
78,4,66,73,48,74
91,4,46,56,84,60
75,4,45,82,64,68
84,2,54,82,72,70
99,4,57,92,48,75
74,11,71,55,100,82
73,1,95,41,44,69
62,12,50,73,100,80
56,6,59,94,64,62
85,1,63,47,64,65
94,10,54,52,52,74
69,6,87,81,80,80
50,1,46,47,72,47
57,6,60,69,100,67
95,10,81,71,92,97
65,8,65,75,68,72
63,11,83,86,88,80
61,2,95,69,88,70
100,2,53,40,40,61
72,14,96,82,40,97
64,13,76,78,56,85
77,12,97,56,60,83
83,4,60,98,48,85
51,11,57,59,88,70
81,3,44,63,72,68
72,4,42,89,84,65
71,13,62,61,76,81
100,12,65,68,92,94
74,7,76,61,96,83
71,13,63,83,60,87
71,11,88,48,52,83
98,1,58,76,84,70
91,6,90,49,64,76
55,3,64,75,68,63
64,11,60,76,72,80
92,10,51,67,88,78
86,7,96,67,100,93
82,10,100,81,80,100
57,2,80,82,60,61
93,14,72,60,96,87
93,2,89,63,60,75
54,13,92,81,68,87
88,4,43,99,84,70
53,1,81,79,56,69
55,3,96,41,92,69
94,13,46,94,48,85
81,9,61,47,84,66
79,7,94,87,48,78
96,7,72,66,88,84
84,13,56,61,60,69
89,13,63,76,44,89
65,11,100,66,100,88
62,4,100,96,60,96
99,2,73,68,100,89
91,14,67,42,88,84
79,4,97,83,60,80
68,6,82,52,68,76
66,11,80,84,64,92
68,11,78,49,68,68
77,3,61,75,92,61
75,1,88,48,72,64
86,14,56,93,60,91
75,12,73,95,92,93
72,8,45,94,100,81
58,12,85,66,48,72
61,13,45,73,76,61
50,5,73,90,48,71
50,5,40,40,100,48
96,11,49,71,80,72
83,4,60,64,84,70
81,6,44,68,40,68
97,3,41,46,80,62
74,9,61,88,96,78
89,5,87,42,88,76
94,3,96,59,96,81
50,11,41,59,56,54
65,1,49,92,92,59
88,10,73,69,52,84
54,12,55,74,72,74
71,6,87,74,96,81
78,2,90,88,72,73
52,13,100,78,96,89
61,3,78,66,92,57
75,1,61,65,56,61
65,9,51,53,76,73
100,8,63,56,52,69
86,12,86,57,64,84
71,2,79,84,96,76
78,12,77,91,60,94
63,11,99,68,52,81
77,8,98,59,88,81
54,12,49,92,88,66
96,14,74,66,96,95
98,9,90,57,76,99
79,1,88,43,44,65
95,13,71,40,40,81
54,5,46,89,52,62
61,8,60,40,52,61
65,11,59,97,88,77
75,14,65,65,40,84
75,2,43,84,60,62
97,4,85,59,52,77
70,7,91,91,40,76
88,3,61,62,40,72
85,13,54,49,96,83
82,12,95,98,88,96
79,5,79,50,40,73
86,8,60,80,68,76
72,12,54,80,76,75
59,10,61,44,68,62
54,3,91,97,44,62
85,4,67,40,80,69
83,14,53,56,88,72
80,9,66,61,64,69
59,14,100,73,92,82
68,14,80,95,68,90
81,7,79,84,68,81
50,1,97,80,80,67
54,14,67,68,76,73
94,12,65,43,96,78
53,4,88,44,80,67
65,4,41,50,88,53
73,9,64,95,64,81
65,6,95,90,56,76
51,9,42,60,40,58
98,12,47,74,84,91
77,6,83,51,72,77
81,6,72,65,88,74
76,5,81,90,100,83
69,5,91,58,64,72
73,2,74,84,44,68
61,8,45,99,60,67
99,8,78,46,44,77
84,11,91,86,96,96
82,13,62,94,40,80
82,1,64,46,92,58
100,8,98,65,64,83
92,5,89,79,88,78
86,2,82,44,100,66
61,14,58,60,44,73
52,2,44,53,88,46
50,14,90,43,92,83
82,6,50,62,92,70
89,11,95,81,44,82
59,13,51,59,88,76
92,9,49,54,80,78
93,1,47,89,56,61
78,12,63,91,92,89
62,6,99,84,56,75
61,9,67,68,100,75
80,8,80,47,64,69
95,11,75,80,40,78
51,6,76,87,68,69
100,3,60,58,48,68
99,8,47,87,52,76
84,9,94,78,96,86
72,1,48,85,72,59
66,12,86,67,52,83
75,9,54,85,76,76
57,14,87,96,84,92
78,6,85,66,96,77
75,6,79,43,56,75
59,12,57,97,64,72
75,4,81,54,100,76
83,1,99,74,52,82
100,10,59,76,92,89
90,8,45,40,40,63
56,2,51,42,72,48
53,12,41,86,52,73
99,1,46,63,72,57
94,2,55,66,60,62
60,1,42,79,96,55
78,1,84,100,40,80
85,9,42,75,84,76
74,13,66,73,48,76
70,14,89,68,80,88
85,1,82,63,44,65
59,13,79,63,100,79
86,4,77,81,72,83
58,10,72,43,100,65
73,6,67,42,96,77
84,7,40,73,84,74
98,2,94,96,40,89
84,6,47,88,88,72
97,7,76,62,92,83
85,10,71,92,72,80
67,14,99,95,72,94
98,10,87,91,68,97
88,2,82,62,68,79
81,2,76,84,80,69
73,10,43,44,92,65
72,7,69,70,84,74
81,12,45,92,40,71
86,1,85,80,80,79
61,8,93,96,68,80
98,11,58,100,76,89
62,13,71,96,92,85
72,3,48,99,48,61
74,11,51,93,80,80
84,6,50,45,64,63
90,9,85,76,80,87
79,6,94,96,96,86
66,9,55,49,40,65
98,7,40,79,40,79
69,9,84,46,100,79
97,2,94,78,76,88
74,12,92,77,88,85
71,8,60,60,56,69
62,8,69,100,56,71
68,2,52,59,68,50
98,12,73,42,64,80
85,14,43,90,68,90
61,4,67,61,60,67
90,14,77,86,60,95
68,11,97,43,44,71
61,7,70,67,60,68
58,11,98,51,56,80
56,4,94,77,88,76
77,4,66,90,100,67
63,6,44,75,48,56
80,10,64,86,60,81
68,6,42,80,68,67
96,10,72,44,72,70
65,3,43,52,40,50
54,9,64,62,48,66
84,12,59,97,48,89
61,10,73,89,80,84
74,14,65,69,68,86
70,11,44,76,40,65
85,2,74,64,56,59
72,6,100,87,48,80
65,12,67,66,44,80
88,7,68,90,96,91
94,12,48,53,68,81
91,13,91,96,48,100
88,9,77,87,64,88
63,13,89,98,84,90
80,3,45,86,80,66
54,10,58,93,40,79
84,3,99,75,60,75
72,7,83,78,48,85
78,14,96,55,68,89
92,4,50,95,60,80
60,13,41,61,84,63
67,8,86,60,44,77
96,13,83,93,60,94
61,7,83,60,64,65
58,5,48,47,56,55
59,7,60,88,48,73
93,3,63,55,52,63
66,12,73,98,52,77
87,2,61,94,60,71
56,6,42,70,76,59
95,2,51,81,40,69
62,3,67,49,80,65
89,6,69,71,52,75
91,5,65,98,76,90
58,8,87,73,88,80
99,9,60,48,52,74
76,11,67,56,76,70
51,3,95,50,100,66
54,12,65,71,40,70
78,10,72,49,72,81
86,3,60,61,52,68
87,3,74,96,64,72
68,13,91,56,84,87
57,13,73,43,92,79
97,6,80,87,48,91
94,1,90,91,76,86
50,7,86,86,84,80
71,12,57,64,48,74
66,1,97,98,92,81
56,14,50,60,68,77
74,5,96,76,68,73
94,10,62,77,80,83
53,13,87,88,84,83
85,8,61,40,40,69
55,4,56,64,76,65
80,5,44,90,44,64
68,4,83,75,100,64
93,12,50,56,68,76
88,12,69,80,40,89
76,14,54,63,96,84
59,4,66,41,84,62
75,12,74,79,68,83
68,8,72,54,68,65
88,2,59,71,100,73
52,1,100,78,44,62
94,3,55,98,52,84
62,9,73,45,60,71
99,4,41,40,84,61
77,10,74,86,80,82
69,5,79,62,72,71
77,2,95,97,96,82
57,4,67,78,100,74
90,2,86,100,68,83
88,2,78,96,84,76
50,4,45,56,96,64
52,6,48,73,68,60
62,7,59,98,64,76
77,10,99,80,92,89
98,3,40,68,88,70
74,3,47,48,72,59
82,10,94,52,96,78
87,6,62,45,44,77
55,13,42,45,48,68
93,12,43,59,76,76
94,3,97,91,68,81
81,13,64,92,92,92
94,2,86,42,60,71
96,8,77,56,76,84
70,5,54,88,72,70
65,1,60,51,76,59
70,3,74,87,52,77
60,10,96,86,100,91
86,8,92,84,68,83
85,4,92,94,76,92
84,14,85,40,48,92
68,7,91,56,48,89
69,10,53,42,68,61
67,12,75,65,56,80
96,14,51,54,48,70
90,14,56,75,76,90
98,2,78,71,80,75
63,7,48,71,100,77
64,5,74,43,40,57
80,5,99,57,96,73
50,6,52,88,48,59
52,13,54,58,84,61
65,9,57,82,72,77
72,14,90,91,56,83
60,6,72,74,84,71
61,12,45,79,76,62
59,13,98,53,96,85
81,14,66,97,44,97
65,8,62,72,64,72
57,7,98,53,96,72
87,9,66,73,44,78
61,4,73,100,52,71
73,2,95,94,84,82
77,7,85,43,64,67
57,6,77,63,52,69
77,1,53,98,64,52
85,11,75,68,100,84
75,9,92,58,64,79
57,9,47,45,100,66
99,12,74,96,40,93
77,2,58,72,60,56
77,3,69,88,72,68
86,5,53,79,44,70
90,5,98,58,92,84
85,1,59,92,48,65
76,8,88,40,76,74
66,12,64,44,56,74
58,8,79,66,72,70
82,4,63,55,52,65
69,13,53,45,40,79
62,7,65,79,52,62
77,11,77,52,60,69
97,10,62,87,56,89
78,3,61,74,92,66
62,6,87,58,88,72
95,14,96,51,40,88
84,10,58,55,52,72
55,13,85,98,60,95
67,10,90,82,88,91
100,12,42,49,96,84
54,14,81,64,76,74
96,9,58,59,76,73
74,1,48,70,92,47
51,5,67,43,52,52
59,4,59,83,96,72
79,8,84,62,92,85
99,11,46,41,72,74
94,12,53,95,56,86
54,1,48,61,68,47
82,9,98,90,72,93
50,6,99,96,76,84
67,4,94,76,56,67
81,12,96,47,60,87
96,9,99,46,40,89
98,11,58,53,80,79
60,5,86,95,100,83
70,5,91,94,84,97
75,12,53,42,96,73
74,5,95,89,64,84
71,1,77,55,52,58
76,1,92,94,80,79
98,8,100,58,44,89
62,12,75,90,56,83
82,8,79,57,84,75
83,12,56,91,48,83
90,6,69,55,60,81
84,12,48,47,68,76
50,11,72,99,64,84
70,13,95,72,100,92
97,4,91,88,48,88
55,2,64,51,68,57
77,14,53,92,44,78
66,2,50,50,76,56
54,9,92,44,72,68
80,5,74,66,52,68
54,4,80,51,40,61
87,10,98,56,68,89
52,13,53,45,64,60
72,1,69,72,80,71
86,7,80,44,88,80
86,3,43,96,100,68
59,6,98,67,56,67
59,5,43,53,76,55
68,5,67,44,88,63
66,11,47,93,56,75
70,5,41,95,64,64
63,1,80,98,56,59
58,1,100,72,68,68
95,3,85,89,80,82
50,14,61,87,88,83
100,12,80,80,60,90
94,10,95,58,88,100
62,4,94,61,56,61
53,5,55,44,72,62
50,2,68,98,80,64
98,8,88,41,100,90
89,11,87,69,44,87
81,11,69,86,40,88
83,14,51,78,68,81
77,2,74,43,84,59
80,9,50,72,48,78
57,2,85,52,92,64
88,13,89,59,80,93
75,9,60,93,84,87
83,7,60,46,84,65
52,8,44,54,84,62
99,11,87,62,64,88
61,2,59,53,76,56
50,7,76,62,88,69
93,12,42,58,80,70
54,6,83,93,68,71
79,4,72,68,96,81
79,7,92,95,100,95
66,14,100,59,88,91
97,13,48,68,88,86
96,4,100,63,60,81
72,2,48,57,84,65
64,10,43,49,76,63
86,12,74,80,92,92
70,7,56,96,72,80
63,8,73,47,64,64
51,2,63,65,96,67
60,5,71,68,76,60
100,1,40,49,56,67
88,7,47,56,68,67
87,8,84,41,96,79
83,13,62,45,44,66
87,6,86,97,64,84
99,5,79,44,96,74
83,6,51,67,52,64
67,2,93,80,72,73
79,1,51,44,84,62
64,7,85,57,40,71
76,7,86,65,64,80
100,10,54,59,60,73
83,11,80,80,68,83
87,10,58,88,56,90
82,14,65,66,96,84
73,2,91,88,40,82
64,2,68,51,40,55
79,1,61,46,72,59
91,10,79,98,96,100
100,8,60,42,76,82
66,8,90,49,60,74
54,1,77,73,76,61
78,12,59,64,56,77
53,11,96,74,96,87
59,8,68,55,40,69
66,9,90,41,60,74
59,14,43,99,60,80
66,4,94,63,48,79
69,1,46,49,88,56
73,1,67,77,100,70
54,3,67,61,68,52
83,14,43,65,92,67
55,5,61,82,96,70
51,5,51,94,40,60
62,9,84,78,40,74
92,10,42,66,60,75
92,14,61,68,76,87
97,12,83,86,88,100
60,2,41,77,40,53
100,2,63,59,60,65
96,6,73,66,40,81
72,9,66,80,100,79
65,1,94,93,92,79
80,9,80,59,88,79
60,9,40,83,60,62
65,13,47,58,48,69
57,9,62,59,92,70
53,5,77,74,92,72
89,13,45,86,96,85
53,9,61,41,68,53
74,11,64,69,88,78
52,4,57,92,96,70
81,2,56,73,60,63
52,13,100,61,88,84
76,6,51,42,80,68
78,14,45,45,88,72
81,4,65,54,40,56
99,6,66,66,96,80
100,3,47,49,56,61
68,6,58,48,68,58
70,2,99,72,48,72
54,2,81,71,84,68
67,13,40,87,60,74
77,9,96,45,56,81
91,7,68,80,60,89
71,3,84,98,76,76
70,13,88,75,40,87
55,11,74,98,64,78
50,1,79,99,72,62
54,8,53,41,44,53
90,14,74,68,76,89
61,6,87,43,96,73
75,7,84,40,56,83
95,9,59,58,76,75
83,5,95,65,52,77
98,1,88,64,60,75
63,12,52,49,60,70
75,10,100,92,80,95
94,7,77,54,100,89
76,5,88,98,44,68
58,3,85,61,44,52
75,12,88,90,52,87
96,13,47,87,40,89
71,9,82,60,72,70
96,1,59,98,92,61
79,1,99,95,92,85
92,1,72,61,88,72
97,3,65,75,64,69
66,12,78,73,100,80
75,6,60,69,84,66
85,10,92,64,64,87
50,11,88,84,96,81
57,3,81,67,48,66
98,8,82,40,96,69
84,14,93,88,80,95
64,14,80,84,96,84
96,10,48,43,84,73
71,2,63,46,48,54
63,14,76,88,40,88
75,9,88,48,48,67
77,3,80,75,48,71
72,5,56,58,52,65
63,10,63,40,52,75
73,8,60,49,48,64
51,2,90,75,100,71
94,6,98,48,76,74
75,12,78,84,100,78
63,5,94,85,84,84
100,13,80,81,68,96
56,10,78,71,68,82
52,9,52,71,88,60
96,12,50,45,88,82
72,5,85,87,40,85
95,2,58,77,64,72
92,5,50,56,80,70
96,12,52,49,44,76
94,4,85,89,40,73
67,11,84,66,48,86
87,7,40,93,100,74
84,6,79,89,52,83
100,14,83,74,88,91
64,2,58,91,60,57
74,12,51,98,76,89
86,11,47,60,100,76
77,11,47,64,92,82
59,13,100,67,56,85
88,5,92,86,100,79
66,7,84,54,96,80
88,11,51,43,96,73
71,7,100,68,92,88
75,5,87,98,52,81
93,12,72,48,68,76
74,9,84,66,80,82
66,4,65,65,100,79
62,11,78,58,84,80
69,3,67,95,100,74
74,4,97,67,92,85
53,5,44,56,52,54
59,13,47,82,88,77
52,6,64,96,76,65
90,3,66,80,84,76
94,2,85,81,100,88
67,14,62,89,88,82
96,13,69,59,44,92
85,4,84,84,96,82
96,5,86,79,48,78
71,4,62,78,60,72
83,14,88,88,68,95
96,11,86,92,68,100
57,13,59,62,96,74
89,12,57,86,80,86
98,3,57,71,96,77
93,8,41,91,72,79
68,10,43,86,64,61
91,4,69,72,88,71
90,14,72,96,44,97
86,2,75,85,68,74
55,2,57,44,64,49
75,1,76,82,68,63
83,13,58,87,84,82
94,4,86,73,48,69
55,10,67,79,64,73
86,9,79,50,76,77
82,14,59,100,88,87
71,11,88,89,72,88
70,7,72,42,100,73
55,12,51,97,48,84
55,10,97,72,92,76
97,7,90,50,76,89
53,13,54,55,60,73
79,7,80,57,44,70
60,8,78,69,44,72
79,1,41,87,56,58
80,10,68,94,56,84
73,13,80,49,88,91
58,10,49,57,64,67
52,8,41,77,84,66
100,4,90,58,44,76
80,4,50,75,80,60
89,4,52,98,92,76
86,6,49,52,88,74
85,7,53,95,64,69
73,6,57,85,56,65
80,1,90,42,92,70
55,12,93,49,60,73
51,8,48,77,68,59
69,13,96,40,76,82
77,10,78,94,88,82
60,11,67,95,92,77
53,13,42,66,84,73
64,7,59,85,52,63
55,6,45,47,88,49
98,6,66,90,64,79
79,5,92,85,60,85
87,6,41,81,100,72
100,12,68,56,76,84
51,9,77,48,44,66
64,10,42,100,96,67
60,9,55,45,68,66
57,10,69,82,76,78
75,8,79,64,100,78
100,10,41,78,72,85
94,9,56,88,56,76
93,13,80,99,76,100
54,10,51,67,52,65
55,8,74,72,60,69
75,8,82,93,100,87
53,1,40,76,68,50
68,10,94,48,80,87
69,11,84,57,96,78
82,5,54,95,48,68
69,4,65,98,76,78
98,2,76,60,80,72
61,8,60,41,80,69
96,3,88,100,40,92
50,4,70,97,100,69
75,12,64,82,52,84
63,7,62,98,96,71
87,10,63,99,52,88
86,9,96,77,40,88
60,2,77,97,72,73
85,3,67,79,48,67
62,4,60,75,56,54
92,10,93,89,100,100
52,1,82,99,60,57
82,7,57,82,68,73
55,2,75,76,60,67
99,5,74,54,48,75
59,1,84,67,60,73
54,3,94,57,40,69
72,12,48,73,52,70
59,2,92,61,60,66
93,1,77,50,100,72
51,7,97,97,64,72
62,5,69,96,80,69
89,1,99,52,88,74
51,6,83,43,80,55
69,5,73,61,76,70
50,3,71,46,48,53
86,12,42,100,72,75
58,7,42,82,84,67
66,11,67,93,84,86
58,10,83,63,64,77
60,9,54,43,92,63
64,14,80,67,40,84
73,13,62,54,44,78
87,13,79,40,40,82
84,9,50,94,80,76
79,14,87,42,72,87
80,9,71,53,72,82
98,2,97,77,64,80
54,3,98,89,76,85
93,7,96,96,48,88
99,5,93,40,88,82
63,2,75,77,96,66
60,3,99,77,56,74
58,10,72,60,96,66
83,6,63,87,52,72
61,13,78,68,100,79
84,7,73,44,64,73
84,9,95,88,92,98
50,1,67,49,72,56
89,11,76,67,84,75
71,7,46,60,44,72
78,8,43,89,88,76
57,12,76,46,68,70
60,14,95,42,100,86
90,3,40,84,96,70
86,4,40,86,72,64
63,10,86,59,76,80
79,6,59,58,92,68
84,10,58,74,76,77
70,7,68,43,72,64
86,13,49,44,92,70
54,14,99,40,76,83
68,4,57,43,92,64
63,8,67,51,64,70
75,5,74,99,96,85
53,1,82,66,72,64
74,4,86,95,72,77
94,3,70,81,92,83
91,9,66,62,48,71
74,8,50,64,52,62
67,1,88,60,100,65
89,11,88,100,44,99
57,6,77,97,76,80
88,9,44,91,48,78
89,7,47,63,80,77
63,4,73,64,80,63
81,13,87,84,56,94
100,1,91,94,56,82
87,12,95,85,60,99
82,2,51,71,88,65
72,12,77,94,64,85
64,5,40,71,64,62
82,12,70,44,40,80
74,11,43,75,100,73
66,5,88,85,92,79
82,8,84,81,100,82
96,6,89,88,44,74
51,8,44,81,84,66
63,2,69,97,72,72
89,3,95,78,76,84
89,6,63,55,44,60
100,12,98,72,60,96
88,13,42,88,80,73
100,10,50,60,80,86
55,3,84,100,100,70
55,6,43,48,40,58
52,6,65,45,48,62
56,2,66,90,44,57
100,7,85,84,48,81
57,12,93,74,56,85
91,2,82,78,80,74
64,6,66,61,76,68
96,1,81,80,100,78
78,3,90,93,60,70
82,2,89,44,72,59
79,7,45,81,84,73
88,14,98,62,80,94
76,4,100,56,96,76
85,8,54,51,96,76
78,6,92,62,100,88
87,12,69,55,76,82
82,10,81,42,84,78
86,4,76,69,84,79
76,5,97,96,88,80
82,13,100,61,52,92
53,13,76,48,64,76
71,9,81,68,60,82
51,7,99,86,44,67
59,10,76,76,76,74
54,14,74,62,80,75
59,14,62,52,80,76
82,9,45,71,80,76
87,7,43,85,96,83
62,12,57,91,96,79
80,1,99,86,68,76
96,12,48,87,64,90
85,8,88,62,96,87
94,4,68,84,96,87
73,3,52,56,64,61
64,14,98,94,92,91
78,13,86,79,96,87
57,7,91,60,68,65
54,12,56,41,84,70
78,3,84,76,84,82
96,8,71,45,88,89
53,6,87,83,92,81
61,5,61,57,80,69
94,4,43,69,40,61
51,8,44,61,96,56
76,8,76,93,88,89
80,12,80,72,40,86
100,1,88,69,68,79
100,9,52,56,52,77
85,14,73,82,56,92
85,5,84,71,68,85
75,4,61,81,56,75
92,6,92,90,76,92
76,6,98,53,100,86
54,2,62,97,52,64
69,8,90,49,84,75
60,7,42,86,60,68
59,1,81,99,88,65
89,5,73,90,96,88
87,12,71,75,84,82
55,6,84,73,56,72
57,4,90,48,92,64
72,2,97,81,64,79
96,13,88,67,100,97
75,14,60,50,92,72
95,4,85,53,76,80
92,1,83,78,64,73
61,7,60,94,88,78
75,2,83,86,52,72
62,13,50,93,84,82
89,2,78,58,88,68
67,9,43,93,56,67
74,5,90,54,88,74
82,2,40,67,48,62
96,11,67,63,96,95
89,9,63,47,52,69
92,9,100,82,96,100
61,1,74,100,92,60
93,11,52,48,52,68
85,3,86,86,48,73
97,4,73,72,88,73
53,14,50,72,76,65
54,7,75,58,56,68
86,10,90,42,100,85
57,4,100,49,56,70
91,2,56,79,80,74
98,7,74,86,64,87
77,6,99,81,52,86
80,3,57,40,88,62
58,6,79,68,52,62
100,11,61,89,72,95
78,6,96,73,60,78
63,12,63,90,96,78
89,5,97,52,52,78
90,4,58,93,44,68
71,10,76,40,60,71
60,12,78,73,100,85
72,1,60,68,100,66
50,10,47,87,44,61
95,6,67,86,56,77
86,2,44,52,60,63
70,13,56,87,52,82
75,3,76,88,92,86
95,14,75,92,88,100
85,8,93,100,48,95
72,10,58,68,64,67
50,14,66,78,44,79
100,14,92,63,88,99
89,6,73,65,80,75
64,3,50,56,92,59
70,7,93,46,60,79
96,4,84,52,88,81
58,14,86,44,52,73
58,9,51,65,60,68
59,5,93,88,52,72
75,3,60,42,52,59
90,2,93,46,96,75
84,11,50,97,52,80
74,2,78,88,72,77
75,3,67,78,64,63
60,2,44,92,48,67
87,14,56,40,48,67
51,4,95,88,60,70
56,2,59,56,60,56
67,10,80,82,52,83
76,9,85,64,96,83
83,2,97,98,96,85
76,9,51,100,72,80
66,13,45,42,52,65
92,6,56,54,72,78
93,1,90,68,100,84
100,4,58,92,52,81
73,14,65,82,44,78
74,1,87,71,44,68
56,14,83,65,56,79
55,6,83,99,52,70
73,14,91,55,64,89
82,13,71,64,92,84
98,4,45,93,80,78
78,3,94,67,56,69
92,3,97,48,60,85
71,9,75,95,76,79
75,6,77,95,52,79
77,9,50,40,88,72
99,13,72,68,84,89
70,5,63,96,44,75
98,2,62,61,88,65
56,8,54,55,76,70
66,5,66,80,72,70
69,2,50,90,76,61
90,4,96,83,96,86
98,9,90,90,64,98
69,4,89,93,52,74
71,13,56,80,48,74
77,12,90,46,76,83
89,12,92,53,92,86
98,12,53,68,96,95
56,13,66,58,100,74
50,14,57,58,48,73
81,4,67,41,72,66
62,2,90,80,56,65
79,13,86,84,88,94
72,12,86,54,96,89
100,6,43,42,48,64
68,13,46,50,96,79
81,11,84,92,56,95
79,14,74,85,100,98
78,2,87,69,44,68
98,12,48,96,80,83
94,7,47,79,52,70
78,3,91,57,76,75
79,3,84,90,44,78
65,5,56,87,44,54
89,3,56,41,84,64
68,2,88,71,68,71
67,10,72,47,40,68
50,9,71,61,100,78
63,2,47,45,100,57
100,14,58,51,100,95
96,11,77,86,92,93
99,2,42,96,64,75
51,13,98,79,56,93
77,8,44,75,96,79
98,9,52,54,80,71
99,7,86,67,68,84
79,3,85,91,40,74
87,9,100,96,80,99
100,3,70,88,64,82
53,5,94,84,56,69
50,9,55,57,52,61
57,12,89,41,64,66
78,14,71,52,76,90
88,14,61,84,96,89
52,3,68,93,44,63
81,7,61,54,84,70
59,12,82,59,96,87
59,1,42,68,40,35
68,4,93,98,40,77
95,4,49,81,80,72
83,7,81,68,84,79
82,8,60,42,100,81
72,1,55,58,40,50
77,5,51,42,96,67
81,7,41,93,84,75
99,12,80,53,56,94
56,4,63,79,76,61
78,13,74,98,64,87
57,4,95,94,44,80
50,4,69,43,76,60
52,12,96,98,68,81
73,6,69,99,52,73
72,7,86,91,84,86
57,2,74,50,48,61
96,5,58,97,76,77
86,4,89,70,80,65
52,14,47,82,68,76
100,13,65,71,44,81
82,3,88,66,80,66
77,7,79,69,80,64
96,11,46,82,88,88
57,12,69,41,48,69
83,6,46,88,84,72
84,14,42,48,48,80
81,7,40,67,76,70
73,5,75,70,80,81
63,13,64,99,40,74
81,6,76,73,60,76
95,5,40,100,44,64
92,14,54,95,40,86
65,7,76,54,100,72
53,2,52,87,44,59
86,14,79,64,84,91
70,11,47,75,60,75
63,5,44,47,92,61
80,6,99,48,52,88
97,6,48,97,60,76
67,5,40,97,84,62
56,10,75,76,72,77
59,7,74,87,100,73
56,10,41,84,88,77
82,8,79,78,76,82
72,7,62,71,84,70
70,5,48,97,76,67
68,1,73,91,68,72
97,13,85,56,40,88
68,5,53,74,88,64
85,10,43,76,68,83
78,2,69,58,72,61
67,13,70,83,60,83
51,5,77,68,76,70
50,5,50,98,96,58
96,2,74,46,56,71
54,5,47,67,60,51
69,13,42,48,100,76
60,4,53,67,88,57
91,1,99,45,60,76
51,3,52,68,72,61
52,1,84,97,52,71
72,12,71,56,44,77
61,11,73,55,80,74
69,5,84,62,80,70
54,4,100,70,72,80
86,7,58,42,100,68
87,5,98,60,44,74
79,10,77,65,100,88
58,14,55,75,76,73
83,4,41,81,72,61
93,2,79,76,44,66
84,4,56,92,84,72
71,12,94,61,68,86
93,2,73,81,72,77
73,8,81,51,84,81
66,3,99,81,76,80
59,9,55,100,72,73
79,13,77,52,76,83
95,4,99,50,100,86
72,13,41,93,72,85
81,6,41,55,44,61
66,10,65,47,100,71
99,5,52,79,52,68
100,10,95,98,64,92
66,13,86,96,84,96
63,1,70,79,44,64
58,9,99,84,40,84
89,1,73,98,48,73
51,8,78,41,84,74
94,9,42,69,52,70
74,9,47,69,68,75
88,1,62,51,60,62
58,2,53,49,80,51
71,12,95,83,44,91
92,13,94,50,96,96
95,1,66,54,72,69
53,10,93,55,92,79
75,2,68,56,44,61
78,10,78,65,88,95
94,12,92,41,96,97
83,8,78,89,84,90
72,5,40,51,56,57
86,12,56,90,84,92
60,11,80,65,52,79
55,7,69,62,88,69
67,2,92,57,64,66
70,8,52,71,68,69
91,11,60,88,56,69
85,6,58,77,76,75
90,8,92,96,92,92
87,1,58,86,92,79
83,1,96,42,56,69
66,12,64,77,44,70
86,7,61,42,68,69
74,8,70,69,92,72
87,13,56,100,44,89
61,3,94,40,100,70
72,5,62,69,76,73
91,12,71,84,84,87
71,1,49,71,60,57
70,7,49,67,68,59
76,5,75,60,60,74
80,8,47,97,52,77
55,13,93,85,88,92
76,8,91,52,52,77
89,9,59,66,60,79
83,7,71,75,92,88
61,11,89,46,96,78
94,1,53,61,100,68
56,13,89,49,88,76
59,3,67,78,52,58
94,8,85,92,68,91
66,3,91,54,72,75
75,8,92,54,100,81
70,1,63,43,40,52
77,5,54,71,88,67
